{"accuracy": [0.6003414392471313, 0.8579273223876953, 0.9141759872436523, 0.939910352230072, 0.9551177024841309, 0.9648339152336121, 0.9717049598693848, 0.975190281867981, 0.978988528251648, 0.9819190502166748], "loss": [1.3552438020706177, 0.4491417109966278, 0.2636682391166687, 0.18623468279838562, 0.13812148571014404, 0.10829496383666992, 0.08645635098218918, 0.07537153363227844, 0.06478532403707504, 0.05684979632496834], "val_accuracy": [0.8487935066223145, 0.9149783849716187, 0.92909175157547, 0.9503756165504456, 0.954871416091919, 0.9521397948265076, 0.9618711471557617, 0.9620987772941589, 0.9598793387413025, 0.9635784029960632], "val_loss": [0.49139896035194397, 0.2857796251773834, 0.22155173122882843, 0.15707293152809143, 0.13887140154838562, 0.1513398140668869, 0.12766394019126892, 0.11503894627094269, 0.13557688891887665, 0.13030533492565155]}